{
    "Ad Nauseam": {
        "Dark Ritual": 0.8746610688358262,
        "Tainted Pact": 0.8060876410390975,
        "Imperial Seal": 0.7744360902255639,
        "Vampiric Tutor": 0.7686567164179104,
        "Demonic Tutor": 0.7686567164179104,
        "Wishclaw Talisman": 0.7142060037942194,
        "Cabal Ritual": 0.6816031864575554,
        "Demonic Consultation": 0.6636849569106578,
        "Thassa's Oracle": 0.5778809624314056,
        "Praetor's Grasp": 0.5584634867032502,
        "Culling the Weak": 0.537714712471994,
        "Mana Vault": 0.4833809251856082,
        "Lotus Petal": 0.4831228935057096,
        "Necropotence": 0.47020421827920994,
        "Lion's Eye Diamond": 0.4634518173794432,
        "Mox Diamond": 0.4618834080717489,
        "Sol Ring": 0.45982142857142855,
        "Chrome Mox": 0.4577777777777778,
        "Mox Opal": 0.4550970873786408,
        "Diabolic Intent": 0.45061488673139155,
        "Mana Crypt": 0.4497816593886463,
        "Fellwar Stone": 0.4490068584661976,
        "Chain of Vapor": 0.4405339805825243,
        "Culling Ritual": 0.43982414361604694,
        "Talisman of Dominance": 0.4370997727742202,
        "Opposition Agent": 0.4281553398058252,
        "Arcane Signet": 0.4200896191187453,
        "Peer into the Abyss": 0.4192589657222113,
        "Dauthi Voidwalker": 0.4160887656033287,
        "Abrupt Decay": 0.41504854368932037,
        "Rain of Filth": 0.40798764342453664,
        "Mystical Tutor": 0.39862518602508684,
        "Force of Will": 0.3957365977205572,
        "Reanimate": 0.3952441255100605,
        "Flusterstorm": 0.38806604776415565,
        "Mental Misstep": 0.379247572815534,
        "Mystic Remora": 0.3717835562495757,
        "Swan Song": 0.3717835562495757,
        "Pact of Negation": 0.36685159500693487,
        "Rhystic Study": 0.3572390333782156
    },
    "Underworld Breach": {
        "Gamble": 0.7938294010889292,
        "Wheel of Fortune": 0.7937332703511258,
        "Brain Freeze": 0.7248241550866358,
        "Dockside Extortionist": 0.6710500681862458,
        "Lion's Eye Diamond": 0.670276432031918,
        "Rite of Flame": 0.65946131411906,
        "Jeska's Will": 0.5435736677115987,
        "Simian Spirit Guide": 0.5129678750368405,
        "Deflecting Swat": 0.505866858237548,
        "Ragavan, Nimble Pilferer": 0.48945147679324896,
        "Mana Vault": 0.45463150777552397,
        "Red Elemental Blast": 0.4529356943150047,
        "Lotus Petal": 0.45077720207253885,
        "Wheel of Misfortune": 0.44934509489441327,
        "Arcane Signet": 0.4209549071618037,
        "Mox Opal": 0.41724137931034483,
        "Fellwar Stone": 0.39238637561952966,
        "Mox Diamond": 0.3901345291479821,
        "Chrome Mox": 0.38666666666666666,
        "Mana Crypt": 0.3799126637554585,
        "Sol Ring": 0.3795155993431856,
        "Pyroblast": 0.3771673485291253,
        "Mystical Tutor": 0.3544760466482087,
        "Flusterstorm": 0.3544760466482087
    },
    "Rule of Law": {
        "Eidolon of Rhetoric": 0.6774193548387096,
        "Archon of Emeria": 0.5833333333333334,
        "Deafening Silence": 0.5384615384615384,
        "Archon of Valor's Reach": 0.48979591836734687,
        "Sanctum Prelate": 0.4876190476190476,
        "Chalice of the Void": 0.4745484400656814,
        "Ethersworn Canonist": 0.4587301587301587,
        "Aven Mindcensor": 0.382010582010582
    },
    "Birthing Pod": {
        "Felidar Guardian": 0.42857142857142855,
        "Karmic Guide": 0.42857142857142855
    },
    "Protean Hulk": {
        "Pattern of Rebirth": 0.8181818181818182,
        "Viscera Seer": 0.5714285714285714,
        "Carrion Feeder": 0.462962962962963,
        "Body Snatcher": 0.4444444444444444,
        "Natural Order": 0.4183006535947712
    }
}